dataset,modules,defective,defect_rate,total_loc,loc_median,loc_max,loc_zero,bug_max,n_features
jedit-4.3,492,11,2.2,202363,176,12535,0,2,20
camel-1.0,339,13,3.8,33721,62,1000,4,2,20
ivy-1.4,241,16,6.6,59286,83,8095,0,3,20
synapse-1.0,157,16,10.2,28806,141,867,0,4,20
ant-1.5,293,32,10.9,87047,144,4244,1,2,20
ivy-2.0,352,40,11.4,87769,85,2894,0,3,20
poi-2.0,314,37,11.8,93171,141,9849,1,2,20
jedit-4.2,367,48,13.1,170683,198,12200,0,10,20
xalan-2.4,723,110,15.2,225088,127,3479,3,7,20
xerces-1.3,453,69,15.2,167095,43,10701,12,30,20
ant-1.3,125,20,16.0,37699,168,2193,1,3,20
xerces-1.2,440,71,16.1,159254,42,8696,12,4,20
camel-1.4,872,145,16.6,98080,56,1747,16,17,20
camel-1.6,965,188,19.5,113055,57,2077,20,28,20
ant-1.7,745,166,22.3,208653,143,4541,3,10,20
ant-1.4,178,40,22.5,54195,152,2040,1,3,20
jedit-4.0,306,75,24.5,144803,172,23683,0,23,20
log4j-1.0,135,34,25.2,21549,105,1176,2,9,20
jedit-4.1,312,79,25.3,153087,176,23590,0,17,20
ant-1.6,351,92,26.2,113246,156,4238,1,10,20
synapse-1.1,222,60,27.0,42302,141,1164,0,7,20
synapse-1.2,256,86,33.6,53500,142,1449,1,9,20
log4j-1.1,109,37,33.9,19938,133,853,0,9,20
velocity-1.6,229,78,34.1,57012,77,13175,2,12,20
camel-1.2,608,216,35.5,66302,56,1056,11,28,20
xalan-2.6,885,411,46.4,411737,162,4331,4,9,20
lucene-2.0,195,91,46.7,50596,131,3709,0,22,20
xalan-2.5,803,387,48.2,304860,134,4275,5,9,20
lucene-2.2,247,144,58.3,63571,122,3785,0,47,20
lucene-2.4,340,203,59.7,102859,121,8474,0,30,20
poi-3.0,442,281,63.6,129327,124,9886,1,19,20
poi-2.5,385,248,64.4,119731,148,9857,1,11,20
xerces-1.4,588,437,74.3,141180,39,6643,15,62,20
velocity-1.4,196,147,75.0,51713,90,10760,2,7,20
log4j-1.2,205,189,92.2,38191,123,2443,0,10,20
xalan-2.7,909,898,98.8,428555,175,4489,4,8,20
